{
    "mass_flow": 20.5,
    "engine_diameter": 2.6,
    "bypass_ratio": 7,
    "overall_pressure_ratio": 40,
    "fan": {
        "name": "Fan",
        "hub_tip_ratio": 0.35,
        "tip_diameter": 2.6,
        "hub_diameter": 0.9099999999999999,
        "inner_fan_tip_diameter": 1.252831792380765,
        "inner_fan_mean_radius": 0.5407079480951913,
        "inner_fan_pressure_ratio": 1.8,
        "outer_fan_pressure_ratio": 2.5,
        "pressure_ratio": 4.5,
        "tip_mach_no": 1.3,
        "_Fan__SPEC_HEAT_RATIO": 1.4,
        "_Fan__GAS_CONST": 287,
        "_Fan__TEMP_SEA": 288.15,
        "angular_velocity": 294.67609760548953
    },
    "hpt": {
        "_TurboComponent__SPEC_HEAT_RATIO": 1.4,
        "_TurboComponent__GAS_CONST": 287,
        "mass_flow": 20.5,
        "axial_velocity": 150,
        "pressure_ratio": 5.634958352877981,
        "T0_inlet": 1677.7,
        "T0_exit": 1268.72,
        "P0_exit": 410468,
        "P0_inlet": 1424764.9999999998,
        "stag_density_exit": 1.1272795341701356,
        "stag_density_inlet": 2.959014114021622,
        "axial_mach_no_exit": 0.21102250474489587,
        "axial_mach_no_inlet": 0.18330891293981075,
        "density_exit": 1.1025663995765642,
        "density_inlet": 2.909878326381018,
        "area_exit": 0.12395323013575682,
        "area_inlet": 0.046966454036116836,
        "is_low_pressure": false,
        "name": "HPT",
        "blade_length": 0.02,
        "mean_radius": 0.3737471659673146,
        "d_stag_enthalpy": 411024.9,
        "work_coefficient": 0.8,
        "angular_velocity": 1250,
        "no_of_stages": 3,
        "d_stag_temp_per_stage": 204.49,
        "isentropic_efficiency": 0.92,
        "pressure_ratios": [
            1.68226782294127,
            1.7725591551753714,
            1.8897085790504666
        ],
        "hub_diameters": [
            0.7274943319346292,
            0.7111024672133884,
            0.6947106024921477
        ],
        "tip_diameters": [
            0.7674943319346291,
            0.7838861966558699,
            0.8002780613771108
        ],
        "hub_tip_ratios": [
            0.9478823512622281,
            0.9071501325664574,
            0.8680865264464408
        ],
        "areas": [
            0.046966454036116746,
            0.0854598420859367,
            0.12395323013575685
        ],
        "blade_lengths": [
            0.019999999999999962,
            0.03639186472124073,
            0.05278372944248155
        ],
        "tip_mach_nos": [
            0.5862022986433464,
            0.6392236542128702,
            0.7036528375174476
        ],
        "mean_tangential_speed": 233.59197872957162,
        "flow_coefficient": 0.6421453374204014
    },
    "lpt": {
        "_TurboComponent__SPEC_HEAT_RATIO": 1.4,
        "_TurboComponent__GAS_CONST": 287,
        "mass_flow": 20.5,
        "axial_velocity": 150,
        "pressure_ratio": 6.725892677869172,
        "T0_inlet": 1268.72,
        "T0_exit": 892.91,
        "P0_exit": 82688,
        "P0_inlet": 402258.0,
        "stag_density_exit": 0.3226657762348274,
        "stag_density_inlet": 1.1047321858371673,
        "axial_mach_no_exit": 0.25201321313060343,
        "axial_mach_no_inlet": 0.21102250474489587,
        "density_exit": 0.31264291657153137,
        "density_inlet": 1.080513352468084,
        "area_exit": 0.4371334177833449,
        "area_inlet": 0.1264830891302692,
        "is_low_pressure": true,
        "name": "LPT",
        "blade_length": 0.03,
        "mean_radius": 0.671013628420504,
        "d_stag_enthalpy": 377689.05000000005,
        "work_coefficient": 2.5,
        "angular_velocity": 294.67609760548953,
        "no_of_stages": 4,
        "d_stag_temp_per_stage": 125.27000000000002,
        "isentropic_efficiency": 0.92,
        "pressure_ratios": [
            1.5122132333993978,
            1.5688429557326018,
            1.639331066364166,
            1.7293812967895166
        ],
        "hub_diameters": [
            1.312027256841008,
            1.2874666352757704,
            1.2629060137105328,
            1.2383453921452952
        ],
        "tip_diameters": [
            1.372027256841008,
            1.3965878784062455,
            1.4211484999714832,
            1.4457091215367208
        ],
        "hub_tip_ratios": [
            0.9562690903545565,
            0.9218658239716345,
            0.8886516882196859,
            0.8565660779873839
        ],
        "areas": [
            0.12648308913026873,
            0.23003319868129427,
            0.3335833082323199,
            0.4371334177833454
        ],
        "blade_lengths": [
            0.029999999999999916,
            0.054560621565237555,
            0.0791212431304752,
            0.10368186469571283
        ],
        "tip_mach_nos": [
            0.2843905544582732,
            0.3050752495776643,
            0.3291841383219379,
            0.35787213800069595
        ],
        "mean_tangential_speed": 98.86583873152706,
        "flow_coefficient": 1.5172075807431238
    },
    "lpc": {
        "_TurboComponent__SPEC_HEAT_RATIO": 1.4,
        "_TurboComponent__GAS_CONST": 287,
        "mass_flow": 20.5,
        "axial_velocity": 190,
        "pressure_ratio": 1.3888888888888888,
        "T0_inlet": 260.73,
        "T0_exit": 331.86,
        "P0_exit": 91802,
        "P0_inlet": 66097.44,
        "stag_density_exit": 0.9638630621913316,
        "stag_density_inlet": 0.8833071337765006,
        "axial_mach_no_exit": 0.5350067963241633,
        "axial_mach_no_inlet": 0.6083581073059371,
        "density_exit": 0.8386383992531045,
        "density_inlet": 0.7388918897897302,
        "area_exit": 0.1286546584775952,
        "area_inlet": 0.1460223590663708,
        "is_low_pressure": true,
        "name": "LPC",
        "per_stage_pressure_ratio": 1.3,
        "no_of_stages": 2,
        "mean_radius": 0.5407079480951913,
        "angular_velocity": 294.67609760548953,
        "tangential_speed": 159.33370808896257,
        "hub_diameters": [
            1.0384348741262106,
            1.0435469783750593
        ],
        "tip_diameters": [
            1.1243969182545546,
            1.119284814005706
        ],
        "hub_tip_ratios": [
            0.9235483104473585,
            0.9323337235680028
        ],
        "areas": [
            0.14602235906637104,
            0.1286546584775953
        ],
        "blade_lengths": [
            0.04298102206417198,
            0.03786891781532331
        ],
        "work_coeff": 1.4079056379547146,
        "flow_coeff": 1.1924658145401046,
        "stages": [
            {
                "flow_coeff": 1.1924658145401046,
                "work_coeff": 1.4079056379547146,
                "angular_velocity": 294.67609760548953,
                "hub_diameter": 1.0384348741262106,
                "tip_diameter": 1.1243969182545546,
                "axial_velocity": 190,
                "reaction": 0.5,
                "mean_radius": 1.0814158961903826,
                "blade_height": 0.04298102206417198,
                "mean_tangential_speed": 318.66741617792513,
                "d_stag_enthalpy": 142971.3,
                "alpha_2": -0.16939544774833565,
                "alpha_3": 0.7901915314258364,
                "alpha_2_deg": -9.705644224708497,
                "alpha_3_deg": 45.27463975767959
            },
            {
                "flow_coeff": 1.1924658145401046,
                "work_coeff": 1.4079056379547146,
                "angular_velocity": 294.67609760548953,
                "hub_diameter": 1.0435469783750593,
                "tip_diameter": 1.119284814005706,
                "axial_velocity": 190,
                "reaction": 0.5,
                "mean_radius": 1.0814158961903826,
                "blade_height": 0.03786891781532331,
                "mean_tangential_speed": 318.66741617792513,
                "d_stag_enthalpy": 142971.3,
                "alpha_2": -0.16939544774833565,